{
  "total_gt_cells": 1407,
  "total_watershed_boxes": 52222,
  "tp": 291,
  "fp": 51931,
  "fn": 1116,
  "recall_at_iou50": 0.2068,
  "precision_at_iou50": 0.0056,
  "f1_at_iou50": 0.0109,
  "per_class": {
    "falciparum": {
      "gt_count": 1267,
      "tp": 213,
      "recall": 0.1681136543014996
    },
    "malariae": {
      "gt_count": 43,
      "tp": 37,
      "recall": 0.8604651162790697
    },
    "vivax": {
      "gt_count": 64,
      "tp": 21,
      "recall": 0.328125
    },
    "ovale": {
      "gt_count": 33,
      "tp": 20,
      "recall": 0.6060606060606061
    }
  }
}